{
    "model": {
        "game": {
            "docamt": 2,
            "features": {
                "a": 0.533333,
                "but": 0.266667,
                "clean": 0.266667,
                "death": 0.266667,
                "forgettable": 0.266667,
                "game": 0.533333,
                "great": 0.266667,
                "occur": 0.266667,
                "sports": 0.533333
            }
        },
        "match": {
            "docamt": 1,
            "features": {
                "ball": 0.2,
                "clean": 0.2,
                "go": 0.2,
                "match": 0.2,
                "match,": 0.2,
                "sport": 0.2,
                "very": 0.2
            }
        },
        "sport": {
            "docamt": 3,
            "features": {
                "a": 0.6,
                "ball": 0.3,
                "but": 0.3,
                "clean": 0.6,
                "death": 0.3,
                "forgettable": 0.3,
                "game": 0.6,
                "go": 0.3,
                "great": 0.3,
                "match,": 0.3,
                "occur": 0.3,
                "sport": 0.9,
                "sports": 0.6,
                "very": 0.3
            }
        }
    },
    "model2": {
        "close": {
            "docamt": 1,
            "features": {
                "a": 0.2,
                "close": 0.2,
                "election": 0.2,
                "it": 0.2,
                "np": 0.2,
                "was": 0.2
            }
        },
        "election": {
            "docamt": 2,
            "features": {
                "a": 0.266667,
                "close": 0.266667,
                "death": 0.266667,
                "election": 0.533333,
                "it": 0.266667,
                "np": 0.533333,
                "over": 0.266667,
                "the": 0.266667,
                "was": 0.533333
            }
        },
        "np": {
            "docamt": 2,
            "features": {
                "a": 0.266667,
                "close": 0.266667,
                "death": 0.266667,
                "election": 0.533333,
                "it": 0.266667,
                "np": 0.533333,
                "over": 0.266667,
                "the": 0.266667,
                "was": 0.533333
            }
        }
    }
}